,Accuracy,Precision,Recall,F1,ROC-AUC
Logistic Regression,0.665,0.4315068493150685,0.6872727272727273,0.5301542776998598,0.7371836990595612
Random Forest,0.745,0.5409836065573771,0.48,0.5086705202312138,0.7371435736677115
XGBoost,0.708,0.4746268656716418,0.5781818181818181,0.521311475409836,0.7210833855799372
